<?xml version="1.0" encoding="UTF-8"?>
<project-private xmlns="http://www.netbeans.org/ns/project-private/1">
    <editor-bookmarks xmlns="http://www.netbeans.org/ns/editor-bookmarks/2" lastBookmarkId="0"/>
    <open-files xmlns="http://www.netbeans.org/ns/projectui-open-files/2">
        <group>
            <file>file:/C:/xampp/htdocs/blog/config/connexion.conf.php</file>
            <file>file:/C:/xampp/htdocs/blog/index.php</file>
            <file>file:/C:/xampp/htdocs/blog/adduser.php</file>
            <file>file:/C:/xampp/htdocs/blog/desacuser.php</file>
            <file>file:/C:/xampp/htdocs/blog/include/header.inc.php</file>
            <file>file:/C:/xampp/htdocs/blog/recherche.php</file>
            <file>file:/C:/xampp/htdocs/blog/include/fonctions.inc.php</file>
            <file>file:/C:/xampp/htdocs/blog/templates/recherche.tpl</file>
            <file>file:/C:/xampp/htdocs/blog/connexion.php</file>
            <file>file:/C:/xampp/htdocs/blog/deconnexion.php</file>
            <file>file:/C:/xampp/htdocs/blog/articles.php</file>
        </group>
    </open-files>
</project-private>
